week_start_date,region,campaign_name,spend
2026-06-01,Southeast,AdWords_Search,2705.33
2026-06-01,Southeast,Facebook_Retargeting,1565.63
2026-06-01,Southeast,LinkedIn_B2B,942.85
2026-06-01,Southeast,Influencer_Launch,1041.58
2026-06-01,Northeast,AdWords_Search,2658.75
2026-06-01,Northeast,Facebook_Retargeting,1391.48
2026-06-01,Northeast,LinkedIn_B2B,1090.25
2026-06-01,Northeast,Influencer_Launch,1089.16
2026-06-01,Midwest,AdWords_Search,2509.47
2026-06-01,Midwest,Facebook_Retargeting,1389.2
2026-06-01,Midwest,LinkedIn_B2B,905.62
2026-06-01,Midwest,Influencer_Launch,1035.04
2026-06-01,West,AdWords_Search,2736.04
2026-06-01,West,Facebook_Retargeting,1390.41
2026-06-01,West,LinkedIn_B2B,972.86
2026-06-01,West,Influencer_Launch,1045.84
2026-06-08,Southeast,AdWords_Search,2613.05
2026-06-08,Southeast,Facebook_Retargeting,1366.29
2026-06-08,Southeast,LinkedIn_B2B,937.69
2026-06-08,Southeast,Influencer_Launch,907.53
2026-06-08,Northeast,AdWords_Search,2272.23
2026-06-08,Northeast,Facebook_Retargeting,1578.3
2026-06-08,Northeast,LinkedIn_B2B,997.79
2026-06-08,Northeast,Influencer_Launch,1062.17
2026-06-08,Midwest,AdWords_Search,2593.01
2026-06-08,Midwest,Facebook_Retargeting,1489.68
2026-06-08,Midwest,LinkedIn_B2B,1000.69
2026-06-08,Midwest,Influencer_Launch,1072.72
2026-06-08,West,AdWords_Search,2469.18
2026-06-08,West,Facebook_Retargeting,1555.08
2026-06-08,West,LinkedIn_B2B,1038.66
2026-06-08,West,Influencer_Launch,1044.41
2026-06-15,Southeast,AdWords_Search,2689.26
2026-06-15,Southeast,Facebook_Retargeting,1550.2
2026-06-15,Southeast,LinkedIn_B2B,971.47
2026-06-15,Southeast,Influencer_Launch,947.36
2026-06-15,Northeast,AdWords_Search,2517.49
2026-06-15,Northeast,Facebook_Retargeting,1627.29
2026-06-15,Northeast,LinkedIn_B2B,1059.74
2026-06-15,Northeast,Influencer_Launch,1084.51
2026-06-15,Midwest,AdWords_Search,2645.17
2026-06-15,Midwest,Facebook_Retargeting,1594.08
2026-06-15,Midwest,LinkedIn_B2B,908.09
2026-06-15,Midwest,Influencer_Launch,903.47
2026-06-15,West,AdWords_Search,2738.99
2026-06-15,West,Facebook_Retargeting,1420.89
2026-06-15,West,LinkedIn_B2B,977.57
2026-06-15,West,Influencer_Launch,916.4
2026-06-22,Southeast,AdWords_Search,2536.33
2026-06-22,Southeast,Facebook_Retargeting,1588.27
2026-06-22,Southeast,LinkedIn_B2B,964.15
2026-06-22,Southeast,Influencer_Launch,992.04
2026-06-22,Northeast,AdWords_Search,2423.44
2026-06-22,Northeast,Facebook_Retargeting,1611.55
2026-06-22,Northeast,LinkedIn_B2B,1090.82
2026-06-22,Northeast,Influencer_Launch,1074.4
2026-06-22,Midwest,AdWords_Search,2535.26
2026-06-22,Midwest,Facebook_Retargeting,1628.56
2026-06-22,Midwest,LinkedIn_B2B,918.71
2026-06-22,Midwest,Influencer_Launch,1055.79
2026-06-22,West,AdWords_Search,2571.46
2026-06-22,West,Facebook_Retargeting,1400.24
2026-06-22,West,LinkedIn_B2B,1085.37
2026-06-22,West,Influencer_Launch,1088.37
2026-06-29,Southeast,AdWords_Search,2624.64
2026-06-29,Southeast,Facebook_Retargeting,1549.2
2026-06-29,Southeast,LinkedIn_B2B,918.5
2026-06-29,Southeast,Influencer_Launch,939.77
2026-06-29,Northeast,AdWords_Search,2388.59
2026-06-29,Northeast,Facebook_Retargeting,1610.36
2026-06-29,Northeast,LinkedIn_B2B,1002.28
2026-06-29,Northeast,Influencer_Launch,911.34
2026-06-29,Midwest,AdWords_Search,2661.62
2026-06-29,Midwest,Facebook_Retargeting,1623.5
2026-06-29,Midwest,LinkedIn_B2B,1015.31
2026-06-29,Midwest,Influencer_Launch,1098.44
2026-06-29,West,AdWords_Search,2291.32
2026-06-29,West,Facebook_Retargeting,1556.03
2026-06-29,West,LinkedIn_B2B,999.97
2026-06-29,West,Influencer_Launch,1021.74
2026-07-06,Southeast,AdWords_Search,2307.59
2026-07-06,Southeast,Facebook_Retargeting,1469.35
2026-07-06,Southeast,LinkedIn_B2B,1026.66
2026-07-06,Southeast,Influencer_Launch,1046.35
2026-07-06,Northeast,AdWords_Search,2307.78
2026-07-06,Northeast,Facebook_Retargeting,1397.22
2026-07-06,Northeast,LinkedIn_B2B,1073.35
2026-07-06,Northeast,Influencer_Launch,1084.8
2026-07-06,Midwest,AdWords_Search,2730.06
2026-07-06,Midwest,Facebook_Retargeting,1473.03
2026-07-06,Midwest,LinkedIn_B2B,1050.53
2026-07-06,Midwest,Influencer_Launch,927.93
2026-07-06,West,AdWords_Search,2307.58
2026-07-06,West,Facebook_Retargeting,1581.41
2026-07-06,West,LinkedIn_B2B,1034.69
2026-07-06,West,Influencer_Launch,923.19
2026-07-13,Southeast,AdWords_Search,2441.29
2026-07-13,Southeast,Facebook_Retargeting,1381.35
2026-07-13,Southeast,LinkedIn_B2B,1082.66
2026-07-13,Southeast,Influencer_Launch,908.37
2026-07-13,Northeast,AdWords_Search,2558.75
2026-07-13,Northeast,Facebook_Retargeting,1359.58
2026-07-13,Northeast,LinkedIn_B2B,927.2
2026-07-13,Northeast,Influencer_Launch,968.59
2026-07-13,Midwest,AdWords_Search,2621.29
2026-07-13,Midwest,Facebook_Retargeting,1508.75
2026-07-13,Midwest,LinkedIn_B2B,987.53
2026-07-13,Midwest,Influencer_Launch,949.73
2026-07-13,West,AdWords_Search,2712.74
2026-07-13,West,Facebook_Retargeting,1574.03
2026-07-13,West,LinkedIn_B2B,942.82
2026-07-13,West,Influencer_Launch,958.72
2026-07-20,Southeast,AdWords_Search,2346.22
2026-07-20,Southeast,Facebook_Retargeting,1464.09
2026-07-20,Southeast,LinkedIn_B2B,941.68
2026-07-20,Southeast,Influencer_Launch,902.68
2026-07-20,Northeast,AdWords_Search,2339.42
2026-07-20,Northeast,Facebook_Retargeting,1545.19
2026-07-20,Northeast,LinkedIn_B2B,1033.03
2026-07-20,Northeast,Influencer_Launch,960.29
2026-07-20,Midwest,AdWords_Search,2510.5
2026-07-20,Midwest,Facebook_Retargeting,1394.89
2026-07-20,Midwest,LinkedIn_B2B,1057.0
2026-07-20,Midwest,Influencer_Launch,935.23
2026-07-20,West,AdWords_Search,2295.05
2026-07-20,West,Facebook_Retargeting,1356.81
2026-07-20,West,LinkedIn_B2B,1011.68
2026-07-20,West,Influencer_Launch,978.96
2026-07-27,Southeast,AdWords_Search,2512.41
2026-07-27,Southeast,Facebook_Retargeting,1626.58
2026-07-27,Southeast,LinkedIn_B2B,1071.97
2026-07-27,Southeast,Influencer_Launch,1015.29
2026-07-27,Northeast,AdWords_Search,2413.32
2026-07-27,Northeast,Facebook_Retargeting,1390.39
2026-07-27,Northeast,LinkedIn_B2B,1019.26
2026-07-27,Northeast,Influencer_Launch,975.12
2026-07-27,Midwest,AdWords_Search,2258.56
2026-07-27,Midwest,Facebook_Retargeting,1596.97
2026-07-27,Midwest,LinkedIn_B2B,938.73
2026-07-27,Midwest,Influencer_Launch,1069.37
2026-07-27,West,AdWords_Search,2747.28
2026-07-27,West,Facebook_Retargeting,1454.99
2026-07-27,West,LinkedIn_B2B,976.1
2026-07-27,West,Influencer_Launch,1058.2
2026-08-03,Southeast,AdWords_Search,2655.23
2026-08-03,Southeast,Facebook_Retargeting,1570.79
2026-08-03,Southeast,LinkedIn_B2B,900.25
2026-08-03,Southeast,Influencer_Launch,1086.14
2026-08-03,Northeast,AdWords_Search,2607.84
2026-08-03,Northeast,Facebook_Retargeting,1520.66
2026-08-03,Northeast,LinkedIn_B2B,969.05
2026-08-03,Northeast,Influencer_Launch,1055.84
2026-08-03,Midwest,AdWords_Search,2541.73
2026-08-03,Midwest,Facebook_Retargeting,1597.05
2026-08-03,Midwest,LinkedIn_B2B,1055.27
2026-08-03,Midwest,Influencer_Launch,945.77
2026-08-03,West,AdWords_Search,2476.87
2026-08-03,West,Facebook_Retargeting,1392.56
2026-08-03,West,LinkedIn_B2B,938.15
2026-08-03,West,Influencer_Launch,1087.03
2026-08-10,Southeast,AdWords_Search,2524.85
2026-08-10,Southeast,Facebook_Retargeting,1511.89
2026-08-10,Southeast,LinkedIn_B2B,977.47
2026-08-10,Southeast,Influencer_Launch,1052.51
2026-08-10,Northeast,AdWords_Search,2315.17
2026-08-10,Northeast,Facebook_Retargeting,1603.9
2026-08-10,Northeast,LinkedIn_B2B,951.87
2026-08-10,Northeast,Influencer_Launch,914.99
2026-08-10,Midwest,AdWords_Search,2621.32
2026-08-10,Midwest,Facebook_Retargeting,1396.85
2026-08-10,Midwest,LinkedIn_B2B,928.17
2026-08-10,Midwest,Influencer_Launch,996.37
2026-08-10,West,AdWords_Search,2276.91
2026-08-10,West,Facebook_Retargeting,1386.93
2026-08-10,West,LinkedIn_B2B,1022.85
2026-08-10,West,Influencer_Launch,995.86
2026-08-10,Europe,AdWords_Search,809.2
2026-08-10,Europe,Facebook_Retargeting,764.47
2026-08-17,Southeast,AdWords_Search,2333.18
2026-08-17,Southeast,Facebook_Retargeting,1535.83
2026-08-17,Southeast,LinkedIn_B2B,988.62
2026-08-17,Southeast,Influencer_Launch,1044.31
2026-08-17,Northeast,AdWords_Search,2292.69
2026-08-17,Northeast,Facebook_Retargeting,1477.86
2026-08-17,Northeast,LinkedIn_B2B,1018.16
2026-08-17,Northeast,Influencer_Launch,982.47
2026-08-17,Midwest,AdWords_Search,2314.99
2026-08-17,Midwest,Facebook_Retargeting,1608.0
2026-08-17,Midwest,LinkedIn_B2B,1006.21
2026-08-17,Midwest,Influencer_Launch,1089.03
2026-08-17,West,AdWords_Search,2303.52
2026-08-17,West,Facebook_Retargeting,1445.83
2026-08-17,West,LinkedIn_B2B,1090.58
2026-08-17,West,Influencer_Launch,931.72
2026-08-17,Europe,AdWords_Search,860.57
2026-08-17,Europe,Facebook_Retargeting,821.08
2026-08-24,Southeast,AdWords_Search,2253.79
2026-08-24,Southeast,Facebook_Retargeting,1560.36
2026-08-24,Southeast,LinkedIn_B2B,1073.29
2026-08-24,Southeast,Influencer_Launch,906.48
2026-08-24,Northeast,AdWords_Search,2279.32
2026-08-24,Northeast,Facebook_Retargeting,1355.06
2026-08-24,Northeast,LinkedIn_B2B,972.64
2026-08-24,Northeast,Influencer_Launch,1081.02
2026-08-24,Midwest,AdWords_Search,2728.29
2026-08-24,Midwest,Facebook_Retargeting,1519.33
2026-08-24,Midwest,LinkedIn_B2B,1053.68
2026-08-24,Midwest,Influencer_Launch,990.29
2026-08-24,West,AdWords_Search,2461.59
2026-08-24,West,Facebook_Retargeting,1586.05
2026-08-24,West,LinkedIn_B2B,1024.58
2026-08-24,West,Influencer_Launch,974.18
2026-08-24,Europe,AdWords_Search,814.42
2026-08-24,Europe,Facebook_Retargeting,844.54
